"Job Title","Company","City","Seniority","Pre-Tax TC","After-Tax TC","Yearly Savings","Lifestyle","Household Size","Share of Household Expenses","Country","Timestamp"
"engineering manger ","","berlin","Staff / Engineering Manager","107500","64000","24000","Comfortable","2","50","Germany","10/06/2024 17:40:38"
"Mobile Engineer","","Berlin","Mid-Level","75000","46203","25000","Comfortable","1","0","Germany","10/06/2024 17:43:22"
"Fullstack Engineer","","Dnipro","Senior","91200","88000","18000","Comfortable","3","100","Ukraine","10/06/2024 17:54:49"
"Software Engineer","TomTom","Berlin","Junior","63000","39000","15600","Comfortable","1","100","Germany ","10/06/2024 17:55:54"
"Freelance software engineer","","Germany, but work remotely in another EU country (lower taxes)","Senior","150000","82500","58500","Comfortable","2","100","","10/06/2024 17:56:57"
"Machine Learning Engineer","local bank","Amsterdam","Senior","104000","86700","45000","Comfortable","1","75","Netherlands","10/06/2024 17:58:41"
"Software engineer","Google","Zurich","Mid-Level","289000","190000","120000","Comfortable","1","100","Switzerland","10/06/2024 17:59:06"
"Software Engineer (Frontend)","","Berlin","Senior","","","","","","","","10/06/2024 18:01:45"
"Software Engineer","Forbes Global 2000","Zurich","Senior","178000","127000","60000","Comfortable","1","100","Switzerland ","10/06/2024 18:07:22"
"Software Engineer","Adyen","Amsterdam","Junior","88730","70800","30000","Comfortable","1","","","10/06/2024 18:19:29"
"SWE","HF","London","Senior","375000","220000","120000","Luxurious","3","82","UK","10/06/2024 18:25:22"
"Software Developer","","Regensburg ","Junior","55000","37000","22000","Comfortable","1","","Germany ","10/06/2024 18:25:47"
"Cloud Software Architect/Engineer","Automotive","Stuttgart","Senior","99600","57300","16000","Frugal","2","100","Germany","10/06/2024 18:26:04"
"Machine Learning Engineer (3.5YOE)","Elevait (Start-up)","Dresden","Mid-Level","62400","38400","20000","Comfortable","1","50","Germany","10/06/2024 18:33:16"
"Data Engineer","Tipico","Sliema ","Mid-Level","65900","52063","19500","Luxurious","2","48","Malta","10/06/2024 18:36:01"
"Senior Software Engineer ","Bank","London","Senior","180000","136000","95000","Comfortable","1","100","UK","10/06/2024 18:36:43"
"Software Engineer","","Berlin","Mid-Level","80500","55500","21500","Comfortable","2","100","Germany","10/06/2024 18:36:56"
"Senior Software Engineer","International Corporation","Warsaw","Senior","73000","57000","33000","Comfortable","2","80","Poland","10/06/2024 18:37:03"
"Senior","DSV","Lisbon","Senior","77000","45000","30000","Frugal","1","100","Portugal","10/06/2024 18:37:22"
"Senior Software Engineer","Bridgestone Mobility Solutions","Barcelona","Senior","60000","44000","20000","Frugal","1","100","Spain","10/06/2024 18:39:35"
"Software Engineer","Gambling","Warsaw","Mid-Level","92500","74600","60000","Frugal","1","100","Poland","10/06/2024 18:39:38"
"IT Analyst","Federal University","Porto Alegre","Mid-Level","22100","15600","3000","Frugal","3","100","Brazil","10/06/2024 18:40:05"
"Software engineer ","small startup ","Budapest ","Mid-Level","49248","27360","13680","Comfortable","1","60","Hungary","10/06/2024 18:40:51"
"Software engineer","Ubs","Zurich","Mid-Level","168000","123000","40000","Frugal","1","100","Zurich","10/06/2024 18:41:53"
"Senior Data Engineer","Frontify","Fully Remote - St. Gallen, Switzerland","Senior","74000","56178","32000","Frugal","3","50","Czech Republic","10/06/2024 18:42:41"
"Software Engineer","Masa i","Madrid","Senior","81500","61125","48000","Comfortable","","100","Spain","10/06/2024 18:42:41"
"Embedded Engineer","Small startup","Leiden","Junior","35000","31000","15000","Frugal","1","100","Netherlands","10/06/2024 18:42:48"
"Security consultant","","Rome","Junior","32000","25800","11000","Comfortable","2","60","Italy","10/06/2024 18:43:18"
"Software Engineer","Microsoft","Barcelona","Mid-Level","140000","100000","50000","Comfortable","1","","Spain","10/06/2024 18:43:19"
"Machine Learning Engineer","Links Management & Technology","Imola (BO), Italy","Mid-Level","32000","24000","13000","Comfortable","1","","Italy","10/06/2024 18:43:30"
"BI Engineer","ESN","Strasbourg","Junior","42000","28400","11600","Frugal","1","100","France","10/06/2024 18:43:53"
"Software Engineer","Oracle","Zurich","Mid-Level","210000","140000","55000","Comfortable","1","100","Switzerland","10/06/2024 18:44:31"
"Automation Engineer ","Siemens","Nürnberg ","Senior","80000","48800","30000","Comfortable","","","Germany","10/06/2024 18:44:39"
"Machine Vision Engineer"," ","Zürich ","Mid-Level","150000","115000","50000","Comfortable","1","50","Switzerland","10/06/2024 18:46:04"
"Software Engineer","Noname","Paris","Senior","57000","42750","15000","Comfortable","1","100","France","10/06/2024 18:47:04"
"Software Engineer","","Berlin","Mid-Level","87000","60000","30000","Comfortable","1","100","Germany","10/06/2024 18:47:22"
"Software engineer ","Small/mid size company ","Dresden ","Junior","","36000","20000","Comfortable","1","","Germany","10/06/2024 18:50:41"
"Software Developer","","","Junior","25000","21500","2000","Frugal","2","60","UK","10/06/2024 18:51:44"
"Senior data analyst","Anon","Brighton","Senior","127000","83750","30000","Comfortable","1","65","Uk","10/06/2024 18:51:47"
"Senior Front-end Engineer","","Krakow","Senior","60500","50300","33000","Comfortable","2","100","Poland","10/06/2024 18:52:06"
"Backend developer","Credit Agricole","Marseille","Mid-Level","48000","35000","10000","Comfortable","1","100","France","10/06/2024 18:53:22"
"Senior Research Scientist ","OutSystems ","Porto","Senior","68000","43000","","Comfortable","1","70","Portugal ","10/06/2024 18:58:47"
"Back End Software Engineer","","Venice","Mid-Level","45000","29333","20000","Frugal","1","100","Italy","10/06/2024 18:59:00"
"Deep Learning Engineer","Life Science Industry","Cambridge UK","Staff / Engineering Manager","172000","68000","70000","Comfortable","2","100","UK","10/06/2024 19:00:43"
"Frontend Developer","","Vilnius","Junior","18600","13200","600","Frugal","1","100","Lithuania","10/06/2024 19:03:18"
"Senior consultant","Netlight","Stockholm","Mid-Level","66300","48900","17000","Frugal","1","100","Sweden","10/06/2024 19:04:12"
"Frontend Developer","Deloitte","Milan","Junior","29573","23658","16130","Frugal","2","100","Italy","10/06/2024 19:04:27"
"Customer Engineer","Google","Amsterdam","Senior","219000","141000","100000","Comfortable","1","60","Netherlands","10/06/2024 19:05:34"
"Rust Software Developer","Avaya","Belgrade","Senior","45000","32000","","Comfortable","2","100","Serbia","10/06/2024 19:07:48"
"Data Engineer","","Porto","Mid-Level","55000","35000","25000","Comfortable","1","65","Portugal","10/06/2024 19:08:09"
"Frontend Developer ","Europcar ","Barcelona","Mid-Level","43500","31760","6000","Frugal","1","100","Spain ","10/06/2024 19:08:13"
"Data Engineer ","","Köln ","Mid-Level","99500","59000","30000","Comfortable","1","","Germany","10/06/2024 19:10:50"
"DevOps","Small startup","Marseille","Junior","48000","34500","12000","Comfortable","1","60","France","10/06/2024 19:11:51"
"Software Engineer","Yelp","Remote","Senior","155000","77000","45000","Comfortable","2","100","Germany","10/06/2024 19:13:06"
"Senior Software Engineer ","Mapbox","Helsinki","Senior","130000","78000","27000","Comfortable","3","100","Finland ","10/06/2024 19:16:55"
"Senior Software Engineer","Cariad","Ingolstadt","Senior","154000","83000","51000","Frugal","1","100","Germany","10/06/2024 19:17:38"
"Senior Software Engineer","","","Senior","114000","82000","20000","Comfortable","1","60","Estonia","10/06/2024 19:18:08"
"Software Engineer","BioStrand","Breda","Mid-Level","75000","49485","12000","Frugal","1","100","Netherlands","10/06/2024 19:20:45"
"Software engineer ","Banking","London","Senior","90000","60000","30000","Comfortable","3","75","Uk","10/06/2024 19:22:26"
"Product Manager","FinTech","London","Mid-Level","75000","52800","18720","Comfortable","1","100","United Kingdom","10/06/2024 19:22:55"
"Senior Software Engineer ","NVIDIA","Zurich","Senior","290000","219000","72500","Luxurious","1","51","Switzerland ","10/06/2024 19:25:13"
"Senior Software Engineer","Google","Zurich","Senior","110000","95000","5000","Comfortable","3","100","Switzerland","10/06/2024 19:29:46"
"Principal Engineer/Team Lead","","Oslo","Staff / Engineering Manager","75000","54400","2000","Comfortable","3","100","Norway","10/06/2024 19:31:02"
"Software Developer","Odoo","Ramilies","Junior","36000","28000","5000","Frugal","2","70","Belgium","10/06/2024 19:36:38"
"software engineer","","Munich","Mid-Level","75000","46250","25000","Comfortable","1","100","Germany","10/06/2024 19:38:09"
"SRE","Amadeus","France","Junior","48500","34500","7000","Comfortable","1","","France","10/06/2024 19:39:24"
"Senior QA Engineer","","Berlin","Senior","81000","49200","15000","Comfortable","1","100","Germany","10/06/2024 19:40:45"
"Software Engineer","","Lisbon","Senior","53000","35000","25000","Frugal","1","100","Portugal","10/06/2024 19:41:08"
"Software Engineer","","Zürich","Mid-Level","118000","94000","40000","Comfortable","1","50","Switzerland","10/06/2024 19:43:04"
"Software Engineer","","Vilnius","Senior","75472","45660","22000","Frugal","1","100","Lithuania","10/06/2024 19:43:34"
"Software Engineer","","Malmö","Mid-Level","54920","42037","13157","Comfortable","2","60","Sweden","10/06/2024 19:45:21"
"Data Engineer","Alan","Paris","Mid-Level","64500","45000","15000","Comfortable","1","100","France","10/06/2024 19:49:26"
"Senior Software Engineer ","CoachHub GmbH ","Berlin","Senior","80685.14","55445.31","1000","Comfortable","7","90","Germany","10/06/2024 19:49:59"
"Software Developer","JetBrains","Belgrade","Mid-Level","66000","48000","18000","Comfortable","1","","Serbia","10/06/2024 19:52:16"
"Sofờtare dev","","Helsinki","Mid-Level","48000","33000","1000","Frugal","2.5","50","Finland","10/06/2024 19:53:05"
"Software Engineer","","Kaunas","Mid-Level","35000","21000","9000","Comfortable","1","100","Lithuania","10/06/2024 19:55:03"
"software engineer","Startup","Amsterdam","Mid-Level","64500","46500","20000","Comfortable","1","50","Netherlands","10/06/2024 19:57:08"
"SRE","Bank","London","Mid-Level","117000","80000","31000","Comfortable","1","100","London, UK","10/06/2024 19:57:59"
"Analytics Engineer","Start Up","Remote, Germany","Junior","56000","37600","12000","Comfortable","2","100","Germany","10/06/2024 20:03:18"
"Front-end dev","-","Neuss","Mid-Level","60000","37200","1000","Comfortable","1","100","Germany ","10/06/2024 20:03:58"
"Software Engineer Grad","finance firm","London","Junior","65000","50000","45000","Comfortable","1","0","United Kingdom","10/06/2024 20:04:52"
"Senior Software Engineer","","Belgrade","Senior","72000","51600","24000","Comfortable","5","80","Serbia","10/06/2024 20:13:34"
"Lead software engineer","","London","Senior","115000","79000","3500","Comfortable","1","100","UK","10/06/2024 20:15:06"
"Associate Application Developer","","Stockholm","Junior","41000","32000","20000","Frugal","1","","Sweden","10/06/2024 20:16:47"
"Senior software engineer ","","Prague","Senior","63000","47000","","Comfortable","1","","Czechia","10/06/2024 20:20:07"
"Backend Developer ","European commission ","Brussels ","Senior","146000","102000","20000","Comfortable","5","100","Belgium ","10/06/2024 20:21:07"
"System Developer","","Oslo","Senior","85000","58000","","Comfortable","2","100","Norway","10/06/2024 20:23:30"
"Senior Architect","Netcompany","Aalborg","Mid-Level","108500","64900","15500","Comfortable","4","65","Denmark","10/06/2024 20:23:42"
"Senior Software Engineer","","London","Senior","82750","55444","30500","Comfortable","1","100","UK","10/06/2024 20:23:44"
"Senior Software Engineer","","Milan","Senior","107500","62400","","Comfortable","1","60","Italy","10/06/2024 20:26:11"
"Technical Student (Software Engineer)","CERN (European Organisation for Nuclear Research)","Geneva","Junior","46000","46000","18000","Comfortable","2","100","Switzerland","10/06/2024 20:32:43"
"Cloud DevOps","US Professional Services","","Junior","69200","42000","30000","Frugal","1","0","Poland","10/06/2024 20:37:43"
"Data Scientist","Automotive sector","Copenhagen","Junior","103000","71000","24600","Comfortable","1","100","Denmark","10/06/2024 20:45:29"
"Software/R&D Engineer","Upv","Valencia, Spain","Mid-Level","28617.74","22098.83","1200","Frugal","3","100","Spain","10/06/2024 20:47:34"
"Software developer","Consumer","Ffm","Mid-Level","60000","37159","19159","Comfortable","1","50","Germany","10/06/2024 20:49:37"
"Software Engineer","Cloud Software Group","Patras","Mid-Level","34000","24000","6000","Comfortable","2","90","Greece","10/06/2024 20:50:55"
"Software Engineer ","Facebook ","London","Mid-Level","260000","160000","110000","Comfortable","2","100","","10/06/2024 20:53:37"
"IT Consultant / Software Engineer","Netlight","Hamburg","Junior","63000","39000","6000","Comfortable","2","100","Germany","10/06/2024 20:54:01"
"Software Engineer","","Tallinn","Mid-Level","55500","44430","13000","Comfortable","1","100","Estonia","10/06/2024 20:56:25"
"Backend Developer","US Based company","Remote/Warsaw","Senior","93000","73000","45000","Comfortable","2","100","Poland","10/06/2024 20:57:13"
"Software Development Engineer","Amazon","Dublin","Junior","132000","80000","40000","Comfortable","2","100","Ireland","10/06/2024 21:00:35"
"Software Developer","Local consultancy ","Prague","Senior","68000","52500","26000","Comfortable","2","75","Czechia","10/06/2024 21:00:41"
"Senior Network Engineer","","Poland (remote)","Senior","89520","70283","40283","Comfortable","5","100","Poland","10/06/2024 21:03:10"
"Data Consultant","","London","Mid-Level","89000","60700","20000","Comfortable","1","50","United Kingdom","10/06/2024 21:03:46"
"Software Engineer ","","Vienna","Mid-Level","75000","50000","15000","Comfortable","1","","Austria","10/06/2024 21:10:36"
"Fullstack Developer ","","Milan","Mid-Level","32300","25300","15000","Comfortable","1","0","Italy","10/06/2024 21:13:06"
"Backend Developer","","Luxembourg","Senior","80400","63600","20000","Luxurious","4","75","France","10/06/2024 21:15:57"
"Team Lead / SWE","","Berlin ","Mid-Level","64500","39400","6000","Luxurious","2","100","Germany ","10/06/2024 21:17:04"
"Software engineer","Fintech","London","Mid-Level","70000","47000","5000","Frugal","1","","United Kingdom","10/06/2024 21:17:57"
"Data scientist ","Airbus","Toulouse","Junior","55000","40000","20000","Comfortable","1","100","France","10/06/2024 21:18:03"
"Senior SDET","private","remote","Senior","96000","78000","61500","Comfortable","1","100","Poland","10/06/2024 21:18:13"
"Automotive Software Architect","B2b for a contractor for Continental","Bucharest ","Senior","104800","93300","60000","Comfortable","3","90","Romania","10/06/2024 21:20:33"
"Embedded Software Engineer","TNO","Delft","Junior","64000","43000","13","Frugal","1","50","The Netherlands ","10/06/2024 21:22:34"
"Software Engineer I","Adyen","Amsterdam","Junior","103000","64000","14000","Comfortable","","100","Netherlands","10/06/2024 21:27:04"
"Frontend Developer","","Remote (Munich)","Senior","88806","60000","35000","Comfortable","3","100","Germany","10/06/2024 21:27:29"
"Senior Data Engineer","Startup ","Amsterdam","Senior","88000","53000","25000","Frugal","1","100","Netherlands ","10/06/2024 21:28:31"
"Senior Data Scientist ","Consulting ","Munich ","Senior","86000","52000","10000","Comfortable","2","50","Germany ","10/06/2024 21:29:56"
"SDE II","Amazon","Iasi","Mid-Level","81000","56000","26000","Comfortable","2","85","Romania","10/06/2024 21:38:35"
"Software engineer ","","Zagreb","Mid-Level","45000","30600","18000","Frugal","3","72","Croatia ","10/06/2024 21:40:08"
"Engineering Manager","Gambling Product","Kyiv","Senior Staff / Senior Engineering Manager","103000","103000","50000","Comfortable","4","100","Ukraine","10/06/2024 21:44:04"
"Data Scientist","Startup","Vienna","Mid-Level","63000","38000","14000","Frugal","2","65","Austria","10/06/2024 21:44:39"
"Site Reliability Engineer","","Berlin","Junior","54250","35000","13000","Frugal","2","100","Germany","10/06/2024 21:47:11"
"Software engineer ","CDL","Stockport","Mid-Level","44000","35000","6000","Frugal","3","50","United Kingdom","10/06/2024 21:49:06"
"Associate Software Engineer","Unit4","Porto","Junior","22495","16534","11000","Frugal","2","10","Portugal ","10/06/2024 21:54:40"
"Production Planning Engineer ","","Darmstadt ","Senior","65000","40000","12000","Comfortable","2","60","Germany","10/06/2024 21:56:19"
"Backend software engineer ","Startup in Munich ","Munich","Mid-Level","69000","42000","12000","Comfortable","1","60","Germany","10/06/2024 22:02:56"
"Cloud Developer","Silicon Valley company with branches in Europe","Wrocław","Senior","160000","130000","100000","Comfortable","1","70","Poland","10/06/2024 22:02:59"
"Software Engineer","Small Start-Up (50 people)","Limerick","Junior","51670","40673","16150","Frugal","1","","Ireland","10/06/2024 22:04:45"
"Software Engineer","","Zurich","Mid-Level","110000","80000","40000","Comfortable","2","100","Switzerland","10/06/2024 22:05:43"
"Senior Software Developer","Deutsche Bank","Berlin","Senior","118000","68600","27440","Comfortable","2","100","Germany","10/06/2024 22:06:08"
"FE developer","","Vienna ","Senior","68350","45700","16000","Comfortable","1","50","Austria","10/06/2024 22:10:38"
"","","Amsterdam","Junior","91000","66000","24000","Comfortable","1","50","","10/06/2024 22:12:43"
"Associate Developer ","800+, 180-strong dev department, SaaS","Aarhus","Mid-Level","84014.04","48554.38","4321.71","Frugal","","70","Denmark","10/06/2024 22:13:19"
"Software Engineer","","City in Greece","Junior","33000","26000","16000","Comfortable","1","25","Greece","10/06/2024 22:32:59"
"Engineering Manager ","Big Tech","Portugal ","Staff / Engineering Manager","200000","14000","","Frugal","1","","Portugal ","10/06/2024 22:34:07"
"Software Engineer","","Ljubljana","Mid-Level","48100","27500","12000","Comfortable","2","100","Slovenia","10/06/2024 22:34:16"
"Software Developer","Fintech startup","Belgrade","Senior","93000","81000","30000","Comfortable","2","100","Serbia","10/06/2024 22:38:58"
"Tech lead ","Rewe ","Cologne ","Senior","129162","72331","20000","Comfortable","2","90","Germany ","10/06/2024 22:41:56"
"Cybersecurity Architect","TTControl","Vienna","Senior","76000","50000","20000","Frugal","2","100","Austria","10/06/2024 22:44:48"
"Senior QA Engineer","Globallogic","Krakow","Senior","43000","26000","5000","Comfortable","2","100","Poland","10/06/2024 23:01:03"
"Senior Software Engineer","BM Group","Rovereto, TN","Senior","38700","28800","2000","Frugal","4","80","Italy","10/06/2024 23:01:55"
"Senior Site Reliability Engineer ","","Berlin","Senior","143200","88850","15500","Comfortable","2","100","Germany","10/06/2024 23:03:37"
"React Native Developer","","Lisbon","Mid-Level","32000","22000","","Comfortable","2","55","Portugal","10/06/2024 23:07:06"
"Software Engineer","Freelance","Bucharest","Mid-Level","132000","112000","80000","Luxurious","1","50","Romania","10/06/2024 23:12:20"
"Lead Engineer","Banking","Lisbon","Staff / Engineering Manager","167000","115270","50000","Comfortable","3","100","Portugal","10/06/2024 23:12:23"
"Software engineer ","IBM ","Southampton ","Senior","89000","60000","8000","Comfortable","3","45","UK ","10/06/2024 23:18:09"
"Senior Software Engineer","HFT","Vilnius","Senior","120000","100000","50000","Luxurious","2","70","Lithuania","10/06/2024 23:19:15"
"Software Engineer ","scale up","Vienna","Mid-Level","74000","50000","15000","Comfortable","1","65","Vienna Austria","10/06/2024 23:21:03"
"Software Developer","Confidential ","Lisbon","Mid-Level","27800","21600","0","Frugal","2","100","Portugal","10/06/2024 23:22:09"
"SWE","US Company","Zagreb","Senior","75000","48000","3000","Comfortable","2","80","Croatia","10/06/2024 23:23:54"
"Java Software engineers","","Aarhus","Junior","65230","40442","20000","Frugal","1","","dk","10/06/2024 23:26:42"
"Data Engineer","London startup full remote from Spain","Spain","Senior","90000","60000","30000","Comfortable","2","60","Spain","10/06/2024 23:28:23"
"Senior Software Engineer","","Bologna","Senior","60000","37000","20000","Comfortable","3","70","Italy","10/06/2024 23:29:31"
"Data Analyst","","Spain","Senior","60000","40000","15000","Comfortable","2","40","Spain","10/06/2024 23:29:54"
"Software developer","","Malmö","Mid-Level","43500","33000","","Frugal","","","Sweden","10/06/2024 23:34:25"
"Data Scientist","","Vienna","Mid-Level","68600","45200","20000","Frugal","1","100","Austria","10/06/2024 23:42:04"
"Software Developer","","Bonn","Mid-Level","67250","41950","13000","Comfortable","1","100","Germany ","10/06/2024 23:51:42"
"Data Analytics Manager","","Barcelona","Senior","120000","68000","30000","Comfortable","","","Spain","10/06/2024 23:52:51"
"SDE 2","Amazon","Amsterdam","Mid-Level","158000","90000","39000","Comfortable","2","67","The Netherlands","10/06/2024 23:53:25"
"Principal Software Engineer","Sophia Genetics","Rolle","Staff / Engineering Manager","115000","70000","10000","Comfortable","2","90","Switzerland","10/06/2024 23:54:26"
"Senior Software Engineer (Consultant)","ING","Amsterdam","Senior","140000","84000","40000","Comfortable","3","100","Netherlands","10/06/2024 23:55:53"
"ML Engineer","Hugging Face","Paris","Mid-Level","81000","53700","29000","Frugal","","","France","11/06/2024 00:02:34"
"Software devekioer","","Vilnius","Mid-Level","51600","31000","7000","Comfortable","1","0","Lithuania","11/06/2024 00:06:03"
"Senior Software Engineer","Medium US Company","Stuttgart","Senior","88000","52000","28000","Comfortable","1","50","Germany","11/06/2024 00:18:49"
"data engineer","","uk remote","Mid-Level","50931","38962","12000","Comfortable","1","50","UK","11/06/2024 00:26:00"
"Backend Developer","","Prague","Senior","73000","62000","","Comfortable","3","95","Czech Republic","11/06/2024 00:28:57"
"DevOps Engineer","Tietoevry","Espoo","Mid-Level","613359","39710","7000","Comfortable","2","40","Finland","11/06/2024 00:38:27"
"Senior Frontend Engineer","AI search ","Barcelona, remote","Senior","60000","41000","","Comfortable","2","100","Spain","11/06/2024 00:39:50"
"Data Engineer","","Porto","Mid-Level","42806","27674","9000","Comfortable","1","65","Portugal","11/06/2024 00:40:40"
"Senior software engineer","Ozon","Tier 3 city","Senior","81500","70000","40000","Comfortable","1","50","Russia","11/06/2024 00:54:57"
"DevOps","HSBC","Kraków","Senior","134000","90000","30000","Luxurious","3","85","Poland","11/06/2024 01:01:02"
"Cloud Solution Architect Intern","Microsoft","London","Junior","26096","23068","4000","Frugal","2","100","United Kingdom","11/06/2024 01:09:16"
"Senior Software Engineer","","Zürich, Switzerland","Senior","195000","173000","54000","Comfortable","2","90","Switzerland","11/06/2024 01:14:42"
"Software Engineer","Liberty IT","Galway","Mid-Level","64500","49000","0","Comfortable","1","100","Ireland","11/06/2024 01:17:09"
"Embedded Software Engineer","Bosch","Aveiro","Mid-Level","31000","22000","5000","Frugal","1","50","Portugal","11/06/2024 01:19:32"
"Software Engineer","HRT","London","Junior","350000","240000","170000","Comfortable","2","100","UK","11/06/2024 01:33:19"
"Software Engineer ","IONOS SE","Karlsruhe ","Mid-Level","","73187","15500","Frugal","4","100","Germany ","11/06/2024 01:39:17"
"Software engineer ","","Porto","Mid-Level","70000","40920","10000","Comfortable","1","100","Portugal","11/06/2024 02:02:38"
"ML Engineer","Fintech","Toulouse (Remote UK)","Mid-Level","113500","71500","51500","Comfortable","1","100","France ","11/06/2024 02:12:43"
"Software/Systems Engineer (L4)","Qualtrics","Dublin","Mid-Level","132000","85800","55000","Comfortable","1","75","Ireland","11/06/2024 02:55:49"
"Senior Machine Learning Engineer","Midsize startup","Berlin","Senior","89374","53700","16100","Comfortable","2","100","Germany","11/06/2024 04:26:01"
"Software Developer, Machine Learning","Medium-sized Medtech company","Copenhagen","Junior","88135","58277","36176","Comfortable","2","100","Denmark","11/06/2024 04:33:11"
"Senior Software Engineer","American company, Polish branch","Warsaw","Senior","109000","87000","","Comfortable","1","","Poland","11/06/2024 04:36:52"
"Software Engineer Backend","Qonto","Paris","Mid-Level","52000","37000","5000","Comfortable","1","100","France","11/06/2024 04:42:05"
"Lead Data Scientist","Nuuday","Copenhagen ","Senior","109000","69300","30000","Comfortable","2","70","Denmark","11/06/2024 05:23:39"
"SRE","Lastminute","Chiasso","Senior","78600","55000","15000","Comfortable","5","75","Italy","11/06/2024 06:06:28"
"SWE","Google","Athens","Mid-Level","140000","100000","","Luxurious","1","100","Greece","11/06/2024 06:07:51"
"Software Engineer","(Average ""Mittelstand"" company)","(rural place)","Mid-Level","58000","40000","29000","Frugal","1","100","Austria","11/06/2024 06:10:14"
"Software engineer II","JPM","Glasgow","Mid-Level","63691","45857","6000","Comfortable","1","100","UK","11/06/2024 06:32:03"
"Software Engineer","","Zürich","Senior","124000","95000","50000","Frugal","1","50","Switzerland","11/06/2024 06:41:29"
"Full Stack Developer","","Lisbon","Mid-Level","37700","24700","5000","Comfortable","2","50","Portugal","11/06/2024 07:10:35"
"Engineering Team Lead ","Self employed","Prague","Staff / Engineering Manager","85284","76755","38500","Comfortable","3","100","Czechia","11/06/2024 07:19:58"
"Software engineer ","","Berlin","Mid-Level","60000","37000","12000","Comfortable","1","50","Germany","11/06/2024 07:39:09"
"Senior Software Engineer","One of those big tech companies valued at more thsn my whole country","Iasi","Senior","137000","105000","70000","Comfortable","1","70","Romania","11/06/2024 07:45:22"
"Senior Frontend Engineer","","Vilnius","Senior","97000","58600","35000","Comfortable","1","65","Lithuania","11/06/2024 07:53:08"
"Software Engineer","Lloyds banking group","Dundee","Junior","700000","55000","40000","Comfortable","3","50","Scotland","11/06/2024 08:04:01"
"Software engineer ","","Prague","Mid-Level","61000","45000","24000","Comfortable","2","","Italy ","11/06/2024 08:17:58"
"Rust developer","","","Mid-Level","77500","61000","44000","Comfortable","2","80","Poland","11/06/2024 08:30:03"
"Frontend engineer","","Amsterdam ","Mid-Level","84000","62000","30000","Comfortable","1","100","Netherlands ","11/06/2024 08:32:04"
"Staff Software Engineer","FAANG","Zurich","Staff / Engineering Manager","450000","345000","100000","Comfortable","2","75","Switzerland","11/06/2024 08:35:52"
"Staff Software Engineer","Company in California","Brussels","Staff / Engineering Manager","300000","134000","51000","Comfortable","2","70","Belgium","11/06/2024 08:39:10"
"Programme Officer (IT)","European Food Safety Authority ","Parma, Italy","Senior","92500","86500","20000","Comfortable","4","50","Italy","11/06/2024 08:47:20"
"Software Engineer ","","Vienna","Mid-Level","45000","32000","15000","Comfortable","2","65","Austria","11/06/2024 08:47:48"
"Software engineer ","Sava RE skupina","Maribor","Mid-Level","50000","30000","12000","Frugal","1","100","Slovenija","11/06/2024 08:48:10"
"Software Engineer","","Fribourg","Mid-Level","111500","93000","12000","Frugal","4","100","Switzerland","11/06/2024 08:54:34"
"Software Developer","Bertrandt AG","Munich","Mid-Level","81000","42000","5000","Comfortable","3","75","Germany","11/06/2024 09:03:11"
"Web Developer","","Vienna","Mid-Level","63212","43000","14000","Comfortable","1","60","Austria","11/06/2024 09:16:37"
"Senior ERP Architect","Global manufacturing company based in USA","Remote in Germany","Senior","105000","62000","20000","Comfortable","1","100","Germany","11/06/2024 09:20:52"
"Staff Security Engineer","Scaleup","Amsterdam","Senior Staff / Senior Engineering Manager","110000","70000","60000","Frugal","1","70","Netherlands","11/06/2024 09:28:42"
"Product Owner","Government Related","Zurich","Mid-Level","120000","90000","40000","Comfortable","1","100","Switzerland","11/06/2024 09:35:54"
"Software engineer","Evotec","Verona","Senior","45300","30000","8000","Comfortable","3","90","Italy","11/06/2024 09:41:50"
"Lead Software Developer","Glovo","Madrid","Senior","104000","70000","40000","Comfortable","2","100","Spain","11/06/2024 09:44:05"
"Software Developer","","Tallinn","Mid-Level","42600","32900","14000","Comfortable","1","100","Estonia","11/06/2024 09:49:04"
"QA Automation Engineer","Startup","Munich","Mid-Level","55000","37000","6000","Comfortable","1","100","Germany","11/06/2024 09:49:54"
"Software developer","energy sector","remote","Mid-Level","61500","45800","20000","Frugal","2","90","Poland","11/06/2024 09:54:52"
"Software Engineer","","Berlin","Mid-Level","87000","62000","38000","Comfortable","1","100","Germany","11/06/2024 09:58:23"
"Full Stack developer","","Milan","Junior","30000","24400","4000","Comfortable","1","100","Italy","11/06/2024 10:00:35"
"Data & MLOps Engineer","Small Swiss Company","Basel","Senior","128187","89619","34000","Comfortable","2","60","Switzerland","11/06/2024 10:06:53"
"Junior Fullstack Developer","Remi Health","Berlin","Junior","36000","24000","0","Frugal","1","100","Germany","11/06/2024 10:09:52"
"Python backend devloper","","Gdańsk ","Mid-Level","60000","48000","","Comfortable","4","80","Poland","11/06/2024 10:15:41"
"R&D Engineer in ADAS","","Zagreb","Mid-Level","36000","25000","8000","Comfortable","1","100","Croatia","11/06/2024 10:19:55"
"Data Scientist","Elisa Oyj","Helsinki","Junior","49200","38000","12000","Comfortable","2","50","Finland","11/06/2024 10:20:11"
"Data Engineer","GEA Group AG","Oelde","Mid-Level","68000","45000","6000","Comfortable","3","95","Germany","11/06/2024 10:38:16"
"Senior Data Engineer","Spindox","Milan, Italy","Senior","48410","33000","5000","Comfortable","1","100","Italy","11/06/2024 10:40:02"
"Senior Software Engineer ","","Munich ","Senior","94700","63500","10000","Comfortable","3","90","Germany ","11/06/2024 10:41:12"
"Production Engineer","Meta","London","Mid-Level","281000","150000","110000","Comfortable","1","100","United Kingdom ","11/06/2024 10:56:52"
"Software Engineer","American Company","Spain","Mid-Level","165000","100000","70000","Frugal","1","100","Spain","11/06/2024 11:08:56"
"Senior Data Engineer","Freelance / B2B (No benefits)","Bucharest","Senior","150000","135000","100000","Comfortable","4","75","Romania","11/06/2024 11:12:06"
"Software Engineer ","MaibornWolff","Berlin","Mid-Level","57000","36000","12000","Comfortable","2","80","Germany","11/06/2024 11:20:12"
"Software Engineer","ATS","Milan","Mid-Level","51000","27000","2000","Comfortable","3","100","Italy","11/06/2024 11:22:42"
"PHP dev & scrum master","/","Brussels","Senior","153000","78000","50000","Comfortable","5","60","Belgium","11/06/2024 11:24:04"
"Senior SWE (IC4)","Nvidia","Remote","Senior","522000","304000","270000","Frugal","1","100","Germany","11/06/2024 11:25:33"
"Software Engineer","Automotive industry","Lisbon ","Senior","59400","40986","0","Frugal","4","100","Portugal","11/06/2024 11:32:44"
"Devops Engineer","Orange","Lyon","Senior","55000","37600","5000","Comfortable","2","100","France","11/06/2024 11:43:40"
"Senior Software Engineer","Small Fintech","Budapest","Senior","77000","54000","22000","Comfortable","3","89","Hungary","11/06/2024 11:48:53"
"SE 2","sennder","Barcelona","Mid-Level","57000","36000","20000","Frugal","1","","Spain","11/06/2024 11:56:48"
"Senior Software Engineer","Outsourcing company from USA","","Senior","90000","65000","23000","Luxurious","3","80","Croatia","11/06/2024 12:03:08"
"frontend developer","","Prague","Junior","21840","16980","4800","Comfortable","2","100","Czechia","11/06/2024 12:14:30"
"Web developer ","","Remote - UK","Mid-Level","50000","39000","16000","Frugal","1","50","England ","11/06/2024 12:26:55"
"Staff Software Engineer","Foodtech","Berlin","Staff / Engineering Manager","142000","90000","30000","Comfortable","4","100","Germany","11/06/2024 12:29:38"
"Software Engineer (Mobile Apps)","","Poznań","Mid-Level","52500","48000","20000","Frugal","1","80","Poland","11/06/2024 12:35:00"
"Software developer","","","Senior","92500","77500","55000","Comfortable","1","","Bosnia and Herzegovina","11/06/2024 12:38:52"
"Senior Software developer ","Amazon","London","Senior","180000","105000","20000","Comfortable","2","90","United Kingdom","11/06/2024 12:55:54"
"Full-stack developer","","Geneva","Junior","65000","52000","18000","Comfortable","1","100","Switzerland ","11/06/2024 13:09:07"
"Software Engineer","Splunk","Kraków","Mid-Level","75000","53000","0","Comfortable","1","0","Poland","11/06/2024 13:18:36"
"Project Manager","A German Company","München","Mid-Level","68000","41000","","Frugal","1","50","Germany","11/06/2024 13:29:00"
"Network Engineer","North American ISP","Berlin","Senior","86000","56000","30000","Comfortable","1","60","Germany","11/06/2024 13:53:06"
"3D Software Developer","WiCAM GmbH","Karlsruhe","Junior","60000","37503","15000","Frugal","1","100","Germany","11/06/2024 14:03:00"
"IT Consultant","Netlight","Hamburg","Junior","63000","39180","10000","Comfortable","1","100","Germany","11/06/2024 14:03:57"
"Fullstack Engineer","Vetzoo","Barcelona","Senior","75000","49934","12000","Comfortable","2","100","Spain","11/06/2024 14:08:32"
"DevOps Engineer ","Intel","Dublin","Senior","80000","55000","-2000","Comfortable","2","100","Ireland","11/06/2024 14:26:13"
"Senior Software Engineer","","Stockholm, Sweden","Senior","88000","65000","24000","Comfortable","1","70","Sweden","11/06/2024 14:27:40"
"Solution Architect","","Paris","Senior","70000","49000","4000","Comfortable","4","70","France","11/06/2024 14:31:35"
"Sr software dev","","","Senior","85000","65000","12000","Comfortable","2","100","Germany","11/06/2024 14:46:58"
"Software Engineer","","Braga","Mid-Level","60000","36000","15000","Comfortable","1","","Portugal","11/06/2024 14:57:54"
"Senior engineer","Trustpilot","Copenhagen","Senior","131000","72500","42000","Comfortable","4","90","Sweden","11/06/2024 15:13:38"
"Fullstack Developer","","Drammen","Mid-Level","77500","54120","17000","Frugal","3","60","Norway","11/06/2024 15:14:52"
"Associate Software Developer","Scott Logic","Newcastle","Junior","37395","30660","0","Frugal","1","100","United Kingdom","11/06/2024 15:29:55"
"Advanced Data Engineer","NTT Data","Milan","Mid-Level","35000","26906","8000","Comfortable","2","100","Italy","11/06/2024 15:33:57"
"Tech Consultant","Deloitte","Coimbra","Mid-Level","25000","22500","3000","Comfortable","2","100","Portugal","11/06/2024 15:41:08"
"Software Engineer","Adentis","Clermont Ferrand","Junior","38000","27000","4000","Comfortable","2","100","France","11/06/2024 15:51:57"
"Cloud engineer","","Cagliari","Mid-Level","36000","26000","3000","Frugal","2","100","Italy","11/06/2024 15:57:00"
"software engineeer","warta","Warsaw","Senior","78000","40000","26000","Comfortable","1","60","Poland","11/06/2024 15:57:45"
"Technical Account Manager","Fintech","Berlin","Mid-Level","83000","56400","0","Comfortable","2.5","100","Germany","11/06/2024 16:00:32"
"Software Engineer ","Red Hat","Berlin","Senior","118000","60000","30000","Comfortable","1","100","Germany","11/06/2024 16:39:48"
"Data Engineer","Start-up","Remote","Mid-Level","98000","60000","20000","Comfortable","1","100","Germany","11/06/2024 16:46:08"
"Big Data Engineer","Siemens ","Nuremberg","Junior","65000","38000","24000","Frugal","1","","Germany","11/06/2024 16:47:33"
"Software Engineer","Datadog","Paris","Junior","68000","44000","20000","Comfortable","1","100","France","11/06/2024 16:49:14"
"Software Engineer","Freelance","Galati","Senior","77000","42350","5000","Frugal","3","100","Romania","11/06/2024 16:49:30"
"Software Developer","","Galway","Mid-Level","68000","45000","13000","Comfortable","1","100","Ireland","11/06/2024 16:50:33"
"ML Engineer / Consultant ","Netlight","Hamburg","Mid-Level","65000","39300","15000","Comfortable","3","100","Germany","11/06/2024 17:13:20"
"SWE","US-based","Remote/Zagreb","Senior","96000","72000","42000","Frugal","1","80","Croatia","11/06/2024 17:19:49"
"Sftware Engineer","","Belgrade","Senior","59000","40000","0","Comfortable","2","100","Serbia","11/06/2024 18:14:17"
"Software Engineer","","Braga","Senior","30500","20700","5000","Comfortable","1","70","Portugal","11/06/2024 18:18:25"
"Machine Learning Engineer","Startup","Rotterdam","Junior","45000","35600","12000","Frugal","1","","Netherlands","11/06/2024 18:43:20"
"Senior Software Engineer ","Mercedes-Benz","Stuttgart","Senior","86000","51000","25000","Frugal","1","50","Germany","11/06/2024 18:51:38"
"Data Engineer","","Budapest","Mid-Level","39500","28300","9000","Comfortable","2","85","Hungary","11/06/2024 19:07:36"
"developpeur Graphtalk","CGI","ile de france ","Junior","","","","","","","France","11/06/2024 19:10:23"
"Software engineer","I'd prefer not to say","Budaörs","Senior","36816","24479","7500","Comfortable","1","100","Hungary","11/06/2024 19:12:43"
"Frontend Developer","","Tbilisi","Senior","100000","98000","60000","Comfortable","4","90","Georgia","11/06/2024 19:12:53"
"Senior Software Engineer","","Budapest","Senior","46000","32400","15000","Comfortable","2","100","Hungary","11/06/2024 19:16:55"
"machine learning engineer ","","Budapest","Senior","69000","46000","28000","Comfortable","2","60","Hungary ","11/06/2024 19:18:06"
"Software Engineer","Novo Nordisk","Copenhagen","Mid-Level","82000","50400","18000","Comfortable","2","50","Denmark","11/06/2024 19:22:52"
"Robotics Perception Engineer","","Zurich","Mid-Level","98000","75000","30000","Comfortable","2","50","Switzerland","11/06/2024 19:27:08"
"Engineering Manager","","Berlin","Staff / Engineering Manager","107000","","","Comfortable","1","","","11/06/2024 19:34:10"
"DevOps Engineer ","Automotive (German)","Budapest","Junior","30000","19500","6000","Comfortable","2","65","Hungary","11/06/2024 19:35:17"
"Data Engineer","-","Budapest","Mid-Level","38000","25900","10000","Frugal","3","70","Hungary","11/06/2024 19:36:43"
"Software developer","SEMILAB Zrt.","Budapest","Mid-Level","39000","26000","7500","Comfortable","2","70","Hungary","11/06/2024 19:38:14"
"Software Engineer","-","Budapest","Senior","45600","31000","20000","Comfortable","2","70","Hungary","11/06/2024 19:40:29"
"Senior Develop","","Work At Home","Senior","40000","26500","10000","Frugal","2","80","Italy","11/06/2024 19:44:40"
"Senior software engineer","US company","Budapest","Senior","151900","106300","60000","Comfortable","4","100","Hungary","11/06/2024 19:49:28"
"Frontend developer","Accenture","Cluj Napoca ","Mid-Level","17000","10000","1000","Frugal","1","100","Romania","11/06/2024 19:57:34"
".NET Engineer","DMG MORI HEITEC Hungary Kft.","Budapest","Junior","26544","17652","9104","Comfortable","1","100","Hungary","11/06/2024 20:03:13"
"Python developer","","Kenderes","Senior","37885","25189","6250","Comfortable","2","100","Hungary","11/06/2024 20:14:11"
"Senior software engineer ","","Budapest ","Senior","34000","22610","8000","Comfortable","1","100","Hungary","11/06/2024 20:14:18"
"C++ Software Engineer ","Shapr3D","Budapest","Mid-Level","54600","36426","9000","Comfortable","3","90","Hungary","11/06/2024 20:16:10"
"Medior software engineer","","Budapest ","Mid-Level","37445","27085","10250","Comfortable","2","50","Hungary","11/06/2024 20:18:55"
"Software Engineer","Fintech","Geneva","Mid-Level","130000","100000","40000","Comfortable","1","100","Switzerland","11/06/2024 20:22:15"
"React native developer","3SS","Târgu Mureș ","Mid-Level","15000","10000","1800","Frugal","1","100","Romania","11/06/2024 20:24:03"
"Lead Software Engineer","US privately held","Budapest","Staff / Engineering Manager","70000","51000","10000","Frugal","6","100","Hungary","11/06/2024 20:29:29"
"Frontend software engineer","","Budapest","Mid-Level","30000","19680","0","Comfortable","2","70","Hungary","11/06/2024 20:30:38"
"Senior Software Engineer","Telco Company","Bonn","Senior","100300","","15000","Frugal","4","","Germany","11/06/2024 20:55:34"
"Machine Learning Engineer","Deutsche Telekom","Budapest","Junior","31000","20600","4000","Comfortable","2","65","Hungary","11/06/2024 20:57:24"
"Software Engineer","","Budapest","Mid-Level","49128","32688","","Comfortable","2","70","Hungary","11/06/2024 21:01:05"
"VP Software Engineer","Morgan Stanley","Budapest","Staff / Engineering Manager","69230","46635","30000","Comfortable","4","80","Hungary","11/06/2024 21:07:22"
"ML Solution Developer","","Budapest","Junior","24240","16160","3000","Comfortable","2","60","Hungary","11/06/2024 21:08:21"
"Test Automation Engineer","","Budapest","Mid-Level","30908","21276","","Comfortable","2","70","Hungary","11/06/2024 21:21:03"
"Test Architect ","","Cologne","Junior","48624","35484","13000","Frugal","2","100","Germany","11/06/2024 21:34:25"
"Embedded Software Engineer ","Robert Bosch GmbH ","Budapest ","Junior","26500","17660","3000","Comfortable","2","66","Hungary","11/06/2024 21:40:13"
"Senior Software Engineer","pref not say","Budapest","Senior","73000","45000","20000","Comfortable","2","90","Hungary","11/06/2024 21:43:35"
"Embedded Software Engineer","","Bratislava","Senior","36000","32000","8000","Luxurious","2","","Slovakia","11/06/2024 21:48:15"
"iOS Engineer","","Niš, Serbia","Mid-Level","29000","20400","7000","Comfortable","1","100","Serbia","11/06/2024 21:54:54"
"Deep Learning Scientist","","Rome","Junior","35000","23000","4000","Comfortable","1","100","Italy","11/06/2024 22:14:47"
"SWE","","London","Senior","110000","71000","18000","Comfortable","3","100","United Kingdom","11/06/2024 22:18:26"
"Software Engineer","-","Budapest","Junior","28500","21160","9500","Comfortable","2","60","Hungary","11/06/2024 22:19:50"
"Devops engineer","Evosoft Kft","Budapest ","Mid-Level","27476","18240","6000","Comfortable","1","100","Hungary","11/06/2024 22:20:11"
"Junior Front End Engineer ","BlackRock","Budapest ","Junior","300000","240000","160000","Luxurious","","","","11/06/2024 22:41:14"
"Software Engineer","Warner Broa Discovery","Stockholm","Junior","53750","41000","19000","Comfortable","1","100","Sweden","11/06/2024 23:21:34"
"Software Engineer","","Warsaw","Senior","150000","120000","","Comfortable","2","","Poland","11/06/2024 23:29:07"
"Lead SDET","Bank","London","Principal / Director","189000","117000","60000","Comfortable","1","100","United Kingdom","11/06/2024 23:31:08"
"Software automation test engineer","","Budapest","Mid-Level","25200","18000","12000","Comfortable","3","50","Hungary","11/06/2024 23:33:08"
"Software Engineer","","Budapest","Junior","27000","22000","12500","Comfortable","1","100","Hungary","11/06/2024 23:39:42"
"Frontend Engineer","-","Remote(US)","Staff / Engineering Manager","100000","83000","30000","Comfortable","1","100","Romania","11/06/2024 23:44:49"
"Backend Developer","AGCO","Budapest","Junior","27350","18240","","Comfortable","1","100","Hungary","11/06/2024 23:46:27"
"Data Scientist","Defense company","Copenhagen","Junior","85551","57874","","Frugal","1","100","Denmark","12/06/2024 00:08:44"
"Java Software Engineer","CGI","Budapest","Junior","31000","19000","10000","Frugal","2","80","Hungary","12/06/2024 00:12:27"
"Machine Learning Engineer","NLP start-up","Copenhagen","Junior","88139","58278","","Comfortable","1","100","Denmark","12/06/2024 00:13:18"
"Senior Machine Learning Engineer","Big pharma","Copenhagen","Senior","111907","73707","","Comfortable","1","100","Denmark","12/06/2024 00:16:59"
"Data Engineer","Energy/utilities","Copenhagen","Mid-Level","84945","57212","","Comfortable","1","100","Denmark","12/06/2024 00:21:50"
"Data Scientist","Consulting","Copenhagen","Mid-Level","106505","65037","","Comfortable","1","100","Denmark","12/06/2024 00:26:46"
"Research and Development Engineer","Greenwood Engineering","Copenhagen","Junior","79249","50710","","Comfortable","1","100","Denmark","12/06/2024 00:34:49"
"Senior Software Engineer","","Budapest","Senior","45700","30400","5000","Comfortable","3","100","Hungary","12/06/2024 00:37:15"
"Data Science Consultant","Deloitte","Copenhagen","Junior","80149","51724","","Comfortable","1","100","Denmark","12/06/2024 00:38:40"
"Data Scientist","Insurance","Copenhagen","Mid-Level","85291","59397","","Comfortable","1","100","Denmark","12/06/2024 00:45:14"
"Senior Consultant","Netcompany","Copenhagen","Senior","109176","65190","","Comfortable","1","100","Denmark","12/06/2024 00:50:27"
"IT Consultant","Netcompany","Aarhus","Mid-Level","100510","61257","","Comfortable","1","100","Denmark","12/06/2024 00:52:47"
"IT Consultant","Netcompany","Aarhus","Mid-Level","97056","59694","","Comfortable","1","100","Denmark","12/06/2024 00:55:37"
"Graduate","Accenture","Copenhagen","Junior","69908","46784","","Comfortable","1","100","Denmark","12/06/2024 00:59:36"
"DevOps Engineer","telco industry","Budapest","Junior","26000","21000","0","Comfortable","1","100","Hungary","12/06/2024 01:15:03"
"CTO ","Icecat NV","Utrecht ","Principal / Director","36000","26000","1500","Frugal","2","100","Netherlands ","12/06/2024 02:06:10"
"Software Development Engineer","Amazon","Luxembourg","Junior","96000","76000","20000","Comfortable","2","100","Luxembourg","12/06/2024 02:08:07"
"Fullstack developer","","Budapest","Mid-Level","20400","14400","0","Comfortable","2","60","Hungary","12/06/2024 02:38:09"
"Software Engineer ","Google","Zurich ","Senior","325000","240000","140000","Comfortable","2","60","Switzerland","12/06/2024 04:00:03"
"Mobile Application Engineer","Callstack","Budapest","Senior","84000","61320","65000","Luxurious","3","100","Hungary","12/06/2024 07:02:01"
"Senior Software Engineer","Tesco","Budapest","Staff / Engineering Manager","60000","40000","30000","Comfortable","2","75","Hungary","12/06/2024 08:01:47"
"Senior Data Analyst","","Stockholm","Senior","70000","50000","23000","Comfortable","2","60","Sweden","12/06/2024 08:18:58"
"Full-Stack Engineer","","Budapest","Staff / Engineering Manager","58000","34000","15000","Frugal","2","70","Hungary","12/06/2024 08:21:02"
"Senior fullstack software engineer","","","Senior","","30000","","Comfortable","","","Hungary","12/06/2024 08:27:44"
"Software Engineer","","Budapest","Senior","85000","63000","30000","Comfortable","3","95","Hungary","12/06/2024 08:48:20"
"Frontend Engineer","","Luxembourg","Mid-Level","86000","65000","30000","Comfortable","2","60","Luxembourg","12/06/2024 08:48:39"
"Software Engineer","","Budapest ","Mid-Level","32000","21500","8000","Comfortable","2","50","Hungary","12/06/2024 08:52:52"
"Junior fullstack web dev","-","Budapest","Junior","21000","12600","75000","Frugal","1","100","Hungary","12/06/2024 08:58:15"
"Lead DevOps Engineer","OTP Bank","Budapest","Senior","43000","28500","7000","Frugal","2","50","Hungary","12/06/2024 09:17:49"
"Microsoft Dynamics 365 Business Central Developer","","","Junior","19200","12768","","Comfortable","","","Hungary","12/06/2024 09:37:05"
"Frontend engineer","-","Delft","Senior","92000","55400","10000","Comfortable","3","50","Netherlands","12/06/2024 10:05:41"
"Senior Software Engineer","Mid-sized semiconductor","Budapest","Senior","55000","37000","8000","Comfortable","2","70","Hungary","12/06/2024 10:26:43"
"Machine learning engineer ","Confidential","Budapest","Mid-Level","60000","40500","20000","Comfortable","2","75","Hungary","12/06/2024 10:30:33"
"C++ developer","","","Junior","35000","25000","","Frugal","","","Sweden","12/06/2024 10:45:15"
"Mechanical Engineer","Bosch Power Tools Kft.","Miskolc","Junior","20000","13200","1000","Comfortable","1","100","Hungary","12/06/2024 10:45:40"
"Technical Analyst ","Bank IT","Budapest ","Mid-Level","65000","44000","","Comfortable","2","100","Hungary ","12/06/2024 11:01:27"
"Fullstack engineer","","Szeged","Mid-Level","18240","14592","3800","Comfortable","2","","Hungary","12/06/2024 11:05:42"
"Backend php developer","Trendency Online Zrt.","Budapest","Mid-Level","25944","20676","1521","Frugal","1","100","Hungary","12/06/2024 11:12:47"
"Data Scientist","Adyen","Amsterdam ","Senior","125000","","","Comfortable","3","65","Netherlands","12/06/2024 11:19:28"
"Fullstack developer","German company ","Budapest ","Mid-Level","40500","30000","21000","Comfortable","1","100","Hungary ","12/06/2024 11:23:24"
"Software Engineer","Nokia","Budapest","Junior","24500","16200","5000","Comfortable","1","100","Hungary","12/06/2024 11:48:34"
"Data Engineer","HCL","Budapest","Senior","36840","25080","7500","Comfortable","2","60","Hungary","12/06/2024 11:53:46"
"Software Engineer","","Szeged","Mid-Level","40000","26500","6000","Comfortable","2","100","Hungary","12/06/2024 11:57:35"
"Senior SW","hidden","Rotterdam","Senior","90000","58000","18000","Comfortable","1","100","Netherlands","12/06/2024 12:06:42"
"Mid Java Dev","anyád picsája","Budapest","Mid-Level","34000","23000","6000","Frugal","2","66","Hungary","12/06/2024 12:07:58"
"Software Engineer","Continental Automotive","","Senior","","27600","","Comfortable","1","100","Hungary","12/06/2024 12:26:30"
"Senior Backend Developer","","Budapest","Senior","72000","54000","30000","Comfortable","2","90","Hungary","12/06/2024 12:35:20"
"Support engineer","Telco provider","Budapest","Mid-Level","20000","15000","1500","Frugal","4","35","Hungary","12/06/2024 12:36:43"
"Experienced Developer","Sigma Technology/Ericsson","Budapest","Mid-Level","32500","21500","1500","Comfortable","1","100","Hungary","12/06/2024 13:00:06"
"Senior Software Engineer","start-up","Budapest (Remote)","Senior","39480","27336","3000","Comfortable","3","100","Hungary","12/06/2024 13:24:06"
"Senior Software Engineer","","Budapest/Remot","Senior","65000","45000","25000","Comfortable","4","80","Hungary","12/06/2024 14:49:38"
"Software engineer","","Bratislava","Senior","60000","41000","15000","Frugal","2","100","Slovakia","12/06/2024 14:58:41"
"Cloud Data Engineer","Reply","Milan","Junior","30000","22700","7000","Frugal","1","100","Italy","12/06/2024 16:13:36"
"Product Analyst","","Berlin","Senior","85000","42600","20000","Frugal","1","100","Germany","12/06/2024 16:43:19"
"Software Engineer","Small Swiss Startup","Zürich","Mid-Level","103536.3","93000","30000","Comfortable","2","60","Switzerland","12/06/2024 16:55:54"
"Fullstack Engineer","Bosch","Ovar","Junior","27000","24000","13000","Comfortable","1","100","Portugal","12/06/2024 16:58:24"
"Front-end Developer","","Porto, Portugal","Mid-Level","39900","26215","","Comfortable","2","50","Portugal","12/06/2024 17:18:40"
"Backend Developer","Lufthansa Group","Berlin","Junior","55000","36000","0","Comfortable","2","100","Germany","12/06/2024 17:20:28"
"Junior Systems Engineer","EPAM Systems KFT","Debrecen ","Junior","13646","11762","2800","Frugal","1","50","Hungary","12/06/2024 17:22:33"
"Machine Learning Engineer","Private Equity Fund","London","Senior","205000","125000","45000","Comfortable","1","100","United Kingdom","12/06/2024 17:52:34"
"ServiceNow developer","-","Budapest","Senior","66000","44000","5000","Comfortable","2","75","Hungary","12/06/2024 17:59:09"
"Freelqnce Senior software engineer","","Amsterdam","Senior","170000","","","Comfortable","3","100","Netherlands","12/06/2024 18:01:17"
"Data Scientist","Consulting firm","Bologna","Junior","40420","27914","15000","Frugal","4","100","Italy","12/06/2024 18:12:47"
"Software Engineer","Internet corporation","Kraków","Senior","114000","86850","30000","Comfortable","4","65","Poland","12/06/2024 18:13:05"
"Senior Data Scientist","Financial Services","Barcelona - Remote","Senior","115000","87000","40000","Comfortable","1","100","Spain","12/06/2024 18:54:16"
"Software Engineer","","Budapest","Junior","22770","15420","2500","Frugal","1","100","Hungary","12/06/2024 19:02:47"
"Test Automation Engineer","wizzair","Budapest","Junior","27430","18240","7594","Frugal","1","100","Hungary","12/06/2024 19:14:25"
"Senior Data Scientist","medtech start-up","Budapest","Senior","62000","41000","20500","Comfortable","2","90","Hungary","12/06/2024 19:35:57"
"Software Engineering","IKanbi ","Tirana","Senior Staff / Senior Engineering Manager","81600","62400","0","Comfortable","4","100","Albania","12/06/2024 19:37:56"
"Cloud consultant ","Accenture ","Zurich ","Senior","112000","94700","30000","Comfortable","2","50","Switzerland ","12/06/2024 19:39:55"
"Cloud architect ","","Lisbon ","Mid-Level","42000","26000","7500","Frugal","2","65","Portugal","12/06/2024 19:48:04"
"Senior Machine Learning Engineer","AWS Professional Services","Warsaw","Senior","170779","117250","59169","Comfortable","4","70","Poland","12/06/2024 19:49:47"
"Software Engineer","Datadog","Paris","Junior","65000","","15000","Frugal","1","100","France","12/06/2024 19:59:08"
"Senior Software Developer","Startup","Berlin","Senior","46000","25000","0","Comfortable","4","35","Germany","12/06/2024 20:08:34"
"Fullstack Engineer","Bison Schweiz AG","Sursee","Mid-Level","106000","82000","20000","Comfortable","2","100","Switzerland","12/06/2024 20:22:13"
"Senior Software Developer","Bank","Frankfurt","Senior","63500","39000","10000","Comfortable","2","100","Germany","12/06/2024 21:41:10"
"Web Developer","na ","Bristol","Junior","25000","21600","5000","Comfortable","2","100","United Kingdom","12/06/2024 21:45:10"
"Software engineer ","Sage","Bilbao","Mid-Level","60000","40000","12000","Comfortable","4","100","Spain","12/06/2024 22:24:30"
"Senior Software Engineer","Fintech","Lisbon (Remote)","Senior","75000","45000","30000","Comfortable","3","50","Portugal","12/06/2024 22:31:18"
"Software Developer","PASQAL","Amsterdam","Mid-Level","80000","66000","10000","Comfortable","1","100","Netherlands","12/06/2024 22:45:25"
"Software Engineer","","Munich","Mid-Level","71000","43000","9600","Frugal","1","100","Germany","12/06/2024 22:47:25"
"Product Owner","Automotive","Turin","Mid-Level","50000","35000","10000","Comfortable","1","100","Italy","12/06/2024 22:48:03"
"Head of Software","","Lausanne","Principal / Director","115000","90000","20000","Comfortable","3","66","Switzerland","12/06/2024 23:31:23"
"Senior Software Engineer","Hiring platform","Berlin","Senior","105000","61180","30000","Comfortable","2","50","Germany","13/06/2024 00:44:02"
"Software Developer Engineer in Test","","Wrocław","Mid-Level","34000","25000","30000","Comfortable","1","100","Poland","13/06/2024 03:31:20"
"Staff Software Engineer","","Budapest","Staff / Engineering Manager","65500","43600","20000","Comfortable","1","100","Hungary","13/06/2024 03:36:45"
"Frontend Engineer ","D24","Dubai ","Senior","90000","90000","40000","Frugal","3","100","UAE","13/06/2024 03:52:59"
"Senior Backend Engineer","","Hamburg","Senior","102000","","","Comfortable","4","","Germany","13/06/2024 08:34:04"
"Software Development Engineer","Amazon","London","Mid-Level","165000","85000","14000","Comfortable","2","100","UK","13/06/2024 10:29:48"
"Senior Software Engineer","3Pillar Global","Chisinau","Senior","49000","49000","16000","Comfortable","2","100","Moldova","13/06/2024 12:00:15"
"software developer professional","Lufthansa Systems","Budapest","Mid-Level","36500","23700","10000","Comfortable","1","100","Hungary","13/06/2024 12:02:06"
"Machine Learning Scientist","Geneva","Expedia","Mid-Level","168000","112000","55000","Comfortable","1","1","Svizzera","13/06/2024 14:15:39"
"Data Engineer","Ebury","Madrid","Mid-Level","60000","54000","20000","Comfortable","2","100","Brazil","13/06/2024 14:17:39"
"SWE","FAANG","Zurich","Mid-Level","260000","170000","90000","Luxurious","2","75","Switzerland","13/06/2024 14:43:03"
"Full-stack software engineer","Mia-Platform","Milan","Mid-Level","40000","29000","5000","Comfortable","1","100","Italy","13/06/2024 16:08:14"
"Software Development Engineer 2","Amazon","London","Mid-Level","180000","107000","60000","Comfortable","2","75","United Kingdom","13/06/2024 17:02:16"
"Data Engineer","PeakData","Wrocław","Senior","53000","40000","5000","Comfortable","2","90","Poland","13/06/2024 17:06:13"
"Software Engineer II","Amazon Web Services","Berlin","Mid-Level","125000","62000","40000","Frugal","1","100","Germany","13/06/2024 17:59:35"
"Android Engineer","German Company","Remote, Spain","Mid-Level","45000","33600","20000","Frugal","1","100","Spain","13/06/2024 20:40:27"
"Embedded engineer","","Vilnius ","Senior","60000","35000","10000","Frugal","3","95","Lithuania ","13/06/2024 20:57:15"
"DevOps Consultant ","DEPT","Dublin","Senior","115000","75000","5000","Comfortable","4","80","Ireland","13/06/2024 22:03:48"
"Frontend Developer","","Milan","Senior","42000","30000","4500","Comfortable","4","50","Italy","14/06/2024 00:44:55"
"Cloud engineer","Hiflylabs","Budapest","Senior Staff / Senior Engineering Manager","45600","33600","2000","Frugal","5","92","Hungary","14/06/2024 10:12:20"
"Senior Architect","Fluido","Espoo","Senior","88000","58000","20000","Comfortable","2","60","Finland","14/06/2024 10:28:39"
"Senior Fullstack Engineer","audibene","Berlin","Senior","95000","64700","20000","Frugal","4","100","Germany","14/06/2024 11:10:13"
"Senior Software Developer","POS and Payments platform","Berlin","Senior","89250","52917.48","10000","Luxurious","1","100","Germany","14/06/2024 11:42:02"
"Test Automation Engineer","Deutsche Telekom IT Solutions HU","Budapest","","31200","20748","9500","Comfortable","2","75","Hungary","14/06/2024 14:33:16"
"Technology Strategy Consultant ","Accenture","Milan","Mid-Level","50000","35000","15000","Frugal","5","10","Italy","14/06/2024 14:51:01"
"Frontend Engineer","Healthtech","Porto","Mid-Level","38000","24000","10000","Comfortable","2","60","Portugal","14/06/2024 16:16:23"
"Aerospace software engineer ","Pilatus Aircraft (extern by TXT e-Swiss)","Stans (NW)","Junior","84000","68000","35000","Comfortable","1","100","Switzerland ","14/06/2024 16:33:58"
"Data Scientist","Deloitte","Madrid","Mid-Level","38000","27360","2000","Comfortable","1","100","Spain","14/06/2024 17:51:58"
"Software Engineer ","IT <500 Employees","Zurich","Senior","157000","141000","21000","Comfortable","4","66","Switzerland","14/06/2024 21:31:03"
"Senior Software Engineer","Joom","Lisbon","Senior","96000","66240","12000","Comfortable","2","100","Portugal","14/06/2024 23:44:53"
"Java backend web developer","Bluebird","Budapest","Mid-Level","42120","28010","8000","Comfortable","1","100","Hungary","15/06/2024 00:46:33"
"Software Engineer","","Helsinki","Senior","145000","96000","40000","Comfortable","1","100","Finland","15/06/2024 01:10:15"
"Senior Software Engineer/Architect","Bosch","Turin","Senior","60000","36000","","Comfortable","2","50","Italy","15/06/2024 15:56:58"
"Mobile Game Developer","Huge Mobile Company","Bari","Mid-Level","70000","45000","20000","Comfortable","1","50","Italy","15/06/2024 16:45:01"
"Software Engineer","Ozon","Moscow","Mid-Level","48000","41000","34000","Comfortable","1","100","Russia","15/06/2024 23:19:36"
"Lead Consultant","freelance","Copenhagen","Staff / Engineering Manager","270000","207000","170000","Comfortable","1","100","Denmark","16/06/2024 08:07:35"
"Fullstack dev","Sacem","Paris","Mid-Level","57000","40000","10000","Comfortable","2","100","Paris","16/06/2024 10:24:39"
"Software Engineer","Satispay","Milan","Mid-Level","40000","29000","15600","Comfortable","2","60","Italy","16/06/2024 11:31:30"
"Software Engineer","","Warsaw","Mid-Level","95000","75000","50000","Comfortable","2","100","Poland","16/06/2024 13:16:42"
"Data Engineer","Bluetab, IBM company","Madrid","Mid-Level","31000","24000","10000","Frugal","2","30","Spain","16/06/2024 13:24:56"
"Data Modeler","Confidential","Budapest","Senior","60000","40000","27500","Frugal","1","100","Hungary","16/06/2024 14:13:46"
"Data analyst","Figrs","Apeldoorn","Mid-Level","50000","38000","10000","Comfortable","4","60","Netherlands","16/06/2024 17:12:30"
"Data Engineer ","Insurance company ","Zurich ","Mid-Level","125000","","","","","","Switzerland ","16/06/2024 19:17:57"
"Senior Software Engineer","","Amsterdam","Senior","91250","90000","3000","Luxurious","2","100","The Netherlands","17/06/2024 00:50:48"
"Data engineer ","","","Mid-Level","82500","55000","5000","Comfortable","3","80","Switzerland ","17/06/2024 07:25:40"
"Frontend Developer","NTT Data","Milan","Mid-Level","31940","25310","9600","Comfortable","1","15","Italy","17/06/2024 11:51:07"
"Senior Engineering Manager","","Barcelona","Senior Staff / Senior Engineering Manager","110000","69000","49000","Comfortable","2","75","Spain","17/06/2024 12:23:28"
"System Engineer","","München","Mid-Level","70000","43200","","","2","","Germany","17/06/2024 13:57:54"
"Engineering Lead","small usa startup","Budapest","Staff / Engineering Manager","155000","93900","40000","Luxurious","1","100","Hungary","17/06/2024 14:41:55"
"IT Consultant","Reply","Turin","Junior","31000","22800","800","Comfortable","1","100","Italy","17/06/2024 19:36:34"
"Software Engineer","Business facilitation program","Braga","Senior","52000","48000","7000","Comfortable","4","80","Portugal","17/06/2024 20:23:59"
"Site Reliability Engineer","Miro","Amsterdam","Mid-Level","100000","77000","32000","Comfortable","1","100","Netherlands","17/06/2024 20:53:57"
"Research engineer","<20 emp","Vienna","Mid-Level","85000","53500","27500","Comfortable","2","50","Austria","18/06/2024 01:19:24"
"Backend developer","","Chisinau","Mid-Level","23000","23000","10000","Comfortable","1","100","Moldova","18/06/2024 12:51:11"
"Engineering Manager","Klarna","Stockholm","Staff / Engineering Manager","83000","58000","15000","Comfortable","2","50","Sweden","19/06/2024 14:00:06"
"ML Engineer","Small Startuip","Paris","Junior","48000","36000","10000","Comfortable","1","100","France","19/06/2024 14:56:48"
"Data Engineer","Government","Swansea","Senior","57000","42600","9000","Frugal","2","100","United Kingdom","19/06/2024 16:01:51"
"Software engineer","","Athens","Mid-Level","33000","23000","5000","Frugal","1","100","Greece","19/06/2024 19:37:11"
"Software Engineer II","Picterus AS","Trondheim(remote)","Mid-Level","66432","48000","6000","Comfortable","1","100","Norway","21/06/2024 02:56:13"
"SWE 2","Microsoft","Prague","Mid-Level","72000","60000","15000","Comfortable","2","60","Czechia","21/06/2024 10:20:29"
"Software Engineer","IGM salaried company","","Junior","68000","41000","15000","Frugal","1","100","Germany","21/06/2024 12:27:37"
"software developer","crypto currency startup","berlin","Senior","145000","90000","20000","Comfortable","2","90","Germany","21/06/2024 23:54:43"
"Senior Systems Development Engineer","AWS","Paris","Senior","150000","","","Comfortable","2","70","France","26/06/2024 14:37:40"
"Software Engineer","Aimotive","Budapest","Mid-Level","30000","20000","12500","Comfortable","1","100","Hungary","26/06/2024 14:42:43"
"Software Engineer","Consulting","Sofia","Senior","64000","56000","24000","Comfortable","3","80","Bulgaria","27/06/2024 01:08:10"
"Software Engineer","","Madrid","Mid-Level","49500","34200","2000","Comfortable","2","70","Spain","27/06/2024 15:02:01"
"Software Engineer","N/A","N/A","Senior","17000","12000","1200","Frugal","3","","","28/06/2024 11:14:00"
"QA Engineer","","Budapest","Mid-Level","52000","34584","","Comfortable","2","50","Hungary","28/06/2024 15:55:30"
".NET ANGULAR FULL STACK","Mid level 300 employees","Vienna","Senior","80000","51000","21000","Comfortable","2","50","Austria","28/06/2024 19:58:38"
"Senior Applied Scientist","AWS","Paris","Senior","220000","140000","90000","Comfortable","4","98","france","29/06/2024 11:54:55"
"Software engineer ","Anonymous company","Copenhagen","Mid-Level","85840","48300","13500","Comfortable","2","80","Denmark","29/06/2024 21:39:48"
"Senior Software Engineer","IT company in munich","Munich","Senior","68000","49200","20000","Frugal","4","80","Germany","29/06/2024 22:18:15"
"Lead Engineer","eDreams","Spain","Staff / Engineering Manager","85000","60200","30000","Comfortable","1","100","Spain","30/06/2024 10:43:28"
"Senior Data Engineer","Barcelona scale-up","Barcelona","Senior","65000","45000","32000","Comfortable","1","100","Spain","30/06/2024 11:32:30"
"","","","Senior","54000","33150","","Comfortable","1","","","30/06/2024 13:03:14"
".NET Developer","One Identity","Budapest","Mid-Level","26500","17620","","Frugal","1","100","Hungary","30/06/2024 14:08:25"
"Software Developer","","Budapest","Mid-Level","37940","25230","10000","Comfortable","1","100","Hungary","30/06/2024 14:32:10"
"Senior software engineer ","Endava ","Belgrade ","Senior","50000","36000","6000","Comfortable","3","80","Serbia","30/06/2024 22:26:22"
"ML Engineer","","Lund","Junior","","","","","","","","01/07/2024 14:15:28"
"Software Engineer","Centric Software","Barcelona","Senior","65000","45000","20000","Comfortable","2","50","Spain","02/07/2024 10:25:21"
"individual contributor ","None","Anywhere really","Principal / Director","100000","50000","5000","Comfortable","2","90","Anywhere really","02/07/2024 17:51:28"
"Software Engineer","Prefer not to say","Bucharest","Senior","85000","48240","28000","Frugal","2","","Romania","02/07/2024 19:44:04"
"Back End Developer","Almaviva","Milan","Junior","38500","27800","6000","Comfortable","2","50","Italy","03/07/2024 06:35:02"
"DevOps Engineer","Close to Unicorn startup in Berlin GmbH","Berlin ","Mid-Level","89000","52800","24000","Comfortable","1","100","Germany","03/07/2024 09:13:26"
"SAP Developer","","Baku","Senior","84000","60000","20000","Comfortable","3","50","Azerbaijan","03/07/2024 14:05:05"
"Computer Vision Engineer","DENSO","Lindau","Mid-Level","70000","42000","25000","Comfortable","1","100","Germany","03/07/2024 20:41:37"
"Backend Engineer ","iGaming Startup","","Mid-Level","56800","","","Comfortable","3","40","Malta","04/07/2024 07:02:57"
"Senior software engineer ","TOAST ","DUBLIN ","Senior","150000","","","Comfortable","2","","Ireland","04/07/2024 09:21:19"
"Senior Software Engineer","","Vilnius","Senior","160000","1575000","100000","Frugal","2","100","Lithuania","04/07/2024 10:07:17"
"IT Consultant","","Vienna","Mid-Level","63000","42200","20000","Comfortable","2","50","Austria","04/07/2024 19:26:50"
"Software engineer","Bikes","Amsterdam ","Senior","93000","56000","15000","Luxurious","","","","04/07/2024 23:54:48"
"Senior Data Engineer","Biopharma","Berlin","Senior","82000","49000","18000","Comfortable","2","50","Germany","05/07/2024 11:32:55"
"Global Head of Digital Transformation","medmix Switzerland AG","Zürich","Principal / Director","200000","160000","20000","Frugal","1","100","Switzerland","05/07/2024 19:37:35"
"Front End","Some company","Madrid","Mid-Level","42000","30000","12000","Frugal","3","0","Spain","07/07/2024 18:32:59"
"Software Developer","University","York","Mid-Level","43000","","","Comfortable","1","100","UK","07/07/2024 19:35:15"
"Software developer","","Szczecin","Junior","16700","13100","2000","Comfortable","2","50","Poland","08/07/2024 22:22:11"
"Data Analyst ","Repsol ","Lisbon","Junior","35000","25000","8000","Comfortable","1","30","Portugal ","08/07/2024 22:34:53"
"frontend developer","NA","Sliema","Senior","62000","46000","37000","Comfortable","2","50","Malta","08/07/2024 23:52:59"
"AI Engineer","Large medtech company","Copenhagen","Junior","79632","53408","","Comfortable","1","100","Denmark","09/07/2024 20:03:56"
"Data Science Graduate","Novo Nordisk","Copenhagen","Junior","81650","55138","","Comfortable","1","100","Denmark","09/07/2024 20:08:23"
"Software Developer","Dalux","Copenhagen","Junior","77220","49486","","Comfortable","1","100","Denmark","09/07/2024 20:11:55"
"Full Stack Engineer","Unicorn","Paris","Senior","70000","55000","","Comfortable","1","100","France","12/07/2024 14:10:23"
"Senior Platform Architect ","Maersk ","The Hague","Staff / Engineering Manager","110000","57000","24000","Comfortable","4","100","Netherlands","13/07/2024 06:46:01"
"Software Engineer","Freelance","Irun","Senior","80000","50000","25000","Comfortable","1","100","Spain","13/07/2024 14:22:10"
"DevOps Engineer II","Swisscom","Rotterdam","Mid-Level","60000","48000","5000","Comfortable","1","100","Netherlands","14/07/2024 12:56:13"
"Robotics engineer","","Zurich","Mid-Level","131000","97000","36000","Comfortable","2","60","Switzerland","25/07/2024 10:19:48"
"Senior Developer II","Booking.com","Amsterdam ","Staff / Engineering Manager","230000","115000","40000","Luxurious","2","90","Netherlands ","03/08/2024 21:09:49"
"Full Stack Engineer","","","Senior","56000","38500","","Comfortable","2","","Austria","07/08/2024 16:08:23"
"Senior Analyst ","Accenture ","Vilnius","Senior","47400","28700","10800","Comfortable","2","50","Lithuania","13/08/2024 14:07:01"
"Software Developer","Adentis","Reggio Emilia","Mid-Level","36900","32600","10000","Comfortable","1","100","Italy","14/08/2024 09:34:39"
"Security Engineer","Local Company","Bucharest","Mid-Level","51000","30000","10000","Comfortable","","50","Romania","14/08/2024 18:11:09"
"Software Engineer","Casper Labs","Lisbon","Senior","142000","110000","10000","Luxurious","2","90","Portugal","19/08/2024 02:31:07"
"DevOps Consultant","AWS","Milan","Mid-Level","115000","66500","28000","Comfortable","3","84","Italy","19/08/2024 13:19:46"
"Technical Consultant","CoreMedia Gmbh","Hamburg","Mid-Level","76000","","18000","Comfortable","3","100","Germany","21/08/2024 00:09:35"
"Software Developer ","Incentea","Leiria, Portugal","Junior","14000","12000","1000","Frugal","1","60","Portugal","22/08/2024 00:22:26"
"Data Engineer","Startup","Paris","Junior","45000","34680","15000","Frugal","1","100","France","24/08/2024 19:01:27"
"Software Engineer","Credit Suisse","Zurich","Mid-Level","112800","87100","17000","Comfortable","2","60","Switzerland","24/08/2024 19:46:52"
"Software developer","","Salzburg","","55000","36500","12000","Comfortable","2","50","Austria","25/08/2024 00:42:52"
"Software Engineer","Bending Spoons","Milan","Mid-Level","100000","","50000","Comfortable","1","100","Italy","25/08/2024 02:20:06"
"Senior Full Stack Engineer","","Barcelona","Senior","70000","47400","17000","Comfortable","2","70","Spain","25/08/2024 22:10:46"
"Software Engineer","PAYBACK","Munich/Berlin","Mid-Level","72000","","","Comfortable","1","","Germany","27/08/2024 02:19:57"
"Software Engineer","Ministry of Interior","Vienna","Mid-Level","62000","42000","22000","Comfortable","1","100","Austria","27/08/2024 10:49:29"
"","","","","","","","","","","","02/09/2024 19:33:37"
"Senior DevOps Engineer","","","Senior","50000","30000","","Frugal","2","100","Spain","04/09/2024 19:35:50"
"CloudEngineer","Vodafone","Maastricht","Mid-Level","82000","56000","28000","Frugal","4","70","Netherlands","06/09/2024 17:03:18"
"Developer","","Wolfsburg","Mid-Level","59637","35886","","Comfortable","1","","Germany","07/09/2024 14:17:00"
"Senior Product Manager","","Sofia","Senior","71500","61500","25000","Luxurious","2","70","Bulgaria","07/09/2024 15:44:28"
"Software Engineer","Consultancy","Stockholm","Senior","60000","44000","5000","Frugal","2","85","Sweden","07/09/2024 17:36:27"
"Lead Engineer","","London","Staff / Engineering Manager","171000","105000","15000","Comfortable","2","95","United Kingdom","07/09/2024 17:52:52"
"Software Engineer ","","Berlin","Mid-Level","66500","46100","4000","Comfortable","2","100","Germany","07/09/2024 17:55:06"
"Senior Ruby Developer","","Warsaw","Senior","109000","91000","46000","Comfortable","1","100","Poland","07/09/2024 21:50:11"
"C++ developer","Payment processing","Riga","Senior","104000","72000","48000","Comfortable","3","70","Latvia","08/09/2024 20:47:22"
"C++ Engineer","","Krakow","Mid-Level","72000","63360","24000","Comfortable","2","100","Poland","10/09/2024 12:50:45"
"Software Engineer","","Ghent","Mid-Level","77000","41000","30000","Frugal","2","50","Belgium","12/09/2024 15:13:15"
"Software Engineer","FN","Barcelona","Mid-Level","57000","39500","3000","Comfortable","3","100","Spain","13/09/2024 16:51:53"
"Machine Learning Engineer","ION","Pisa","Mid-Level","35000","24000","15000","Comfortable","1","100","Italy","13/09/2024 17:17:30"
"Staff Engineer","Financial","Copenhagen ","Staff / Engineering Manager","127000","68000","40000","Comfortable","4","100","Denmark","13/09/2024 17:26:24"
"Software engineer","Celonis","Prishtina","Mid-Level","30000","20000","3000","Comfortable","2","100","Kosovo","13/09/2024 17:41:01"
"Data Engineering Manager","FAANG","London","Staff / Engineering Manager","570000","316000","120000","Luxurious","2","100","UK","13/09/2024 18:01:14"
"Salesforce Manager","Medical","Zurich","Staff / Engineering Manager","120000","86000","10000","Luxurious","2","60","Switzerland","13/09/2024 18:23:22"
"Digital IC Design Engineer","-","Neuchatel","Mid-Level","123000","90000","","Comfortable","2","60","Switzerland","13/09/2024 19:07:23"
"Senior Data Engineer","Bank","London","Senior","93000","66000","30000","Comfortable","1","100","UK","13/09/2024 19:26:31"
"Senior Software Engineer","Scaleup","Vienna","Senior","90000","57000","25000","Comfortable","4","70","Austria","13/09/2024 19:48:07"
"Senior Software Engineer","Vonage","Barcelona","Senior","92000","54000","30000","Comfortable","2","100","Spain","13/09/2024 20:28:22"
"Research Engineer","Caplena AG","Zürich","Junior","106000","80000","50000","Comfortable","1","1","Switzerland","13/09/2024 22:52:22"
"Software Engineer ","Kindred Group","London","Senior","90000","60000","20000","Comfortable","2","100","United Kingdom ","14/09/2024 00:34:20"
"","","","","","","","","","","","14/09/2024 06:57:43"
"Senior software engineer","Zalando","Berlin","Senior","100000","60000","20000","Comfortable","4","100","Germany","14/09/2024 10:10:34"
"Frontend","","","Mid-Level","","","","","","","","14/09/2024 10:46:51"
"Software Quality Engineer","Avanterra","Luxembourg city","Senior","80000","52800","24000","Comfortable","2","40","Luxembourg","14/09/2024 10:51:32"
"Senior Python Engineer","","Remote","Senior","117000","99670","50000","Comfortable","1","100","Romania","14/09/2024 11:40:01"
"Software Engineer (Backend)","","Porto","Mid-Level","35000","25000","20000","Comfortable","1","100","Portugal","14/09/2024 13:17:29"
"C++ Software Engineer","Beta CAE Systems (acquired by Cadence Design Systems)","Thessaloniki","Junior","37000","25800","4000","Comfortable","1","100","Greece","14/09/2024 19:04:13"
"Data engineer","MTS","Moscow","Mid-Level","50000","44321","20000","Luxurious","1","100","Russia","14/09/2024 19:32:56"
"Software Engineer","Meta","London","Senior","335000","186000","120000","Comfortable","2","50","UK","15/09/2024 12:32:10"
"Junior Frontend Developer","","Cluj-Napoca","Junior","33600","20400","12000","Frugal","2","50","Romania","15/09/2024 17:36:49"
"Data Scientist","","Skopje","Senior","70000","45600","18000","Comfortable","1","100","Macedonia","15/09/2024 19:12:23"
"Data Scientist","Maersk","Copenhagen","Mid-Level","78800","54000","0","Comfortable","1","100","Denmark","16/09/2024 17:42:43"
"Engineering manager","Hostinger","Kaunas","Senior","66000","","51000","Comfortable","4","80","Lithuania","16/09/2024 21:37:23"
"Senior Devops Engineer","Finance","Zurich","Senior","145000","96000","48000","Comfortable","1","100","Switzerland","17/09/2024 13:01:32"
"Software Engineer","Fintech","Porto","Mid-Level","60000","43000","5000","Frugal","1","100","Portugal","22/09/2024 09:02:31"
"Site Reliability Engineer","","Paris","Mid-Level","80000","","","Comfortable","","","France","22/09/2024 18:34:24"
"Software engineer intern","Alan","Paris","Junior","45000","39000","","Comfortable","1","","France","23/09/2024 17:24:10"
"Product Owner","","Turin","Mid-Level","80000","65000","30000","Comfortable","2","50","Italy","24/09/2024 14:24:00"
"","","","","","","","","","","","24/09/2024 15:21:09"